{"mu_c": [2.0, 0.0, 0.0, 0.0, 3.0, 5.0, 7.0], "sigma_c": [[1.0, 0.0, 0.0, 0.0, 0.0, 0.0, 0.0], [0.0, 1.0, 0.0, 0.0, 0.0, 0.0, 0.0], [0.0, 0.0, 1.0, 0.0, 0.0, 0.0, 0.0], [0.0, 0.0, 0.0, 1.0, 0.0, 0.0, 0.0], [0.0, 0.0, 0.0, 0.0, 1.0, 0.0, 0.0], [0.0, 0.0, 0.0, 0.0, 0.0, 1.0, 0.0], [0.0, 0.0, 0.0, 0.0, 0.0, 0.0, 1.0]], "beta_c": [1.6176741870602278, 0.20089394488460968, 1.5617602518955205, -0.2637672037296276, 2.4163619529832214, 6.224128691636419, 6.679559281076952], "phi": [-0.7430966301362198, -0.5675956299314573, -0.13522509753230794, 0.1524356476589499], "psi": [[1.0, 0.0, 0.0, 0.0], [0.0, 1.0, 0.0, 0.0], [0.0, 0.0, 1.0, 0.0], [0.0, 0.0, 0.0, 1.0]], "mu_i": [-1.8128446855633997, -1.4324086115126764, 2.697638545965198, 0.27229021883434024], "sigma_i": [[1.289978442298202, -0.0, 0.0, 0.0], [0.0, -0.5931186935917506, 0.0, 0.0], [0.0, -0.0, 0.29683681915772486, 0.0], [0.0, -0.0, 0.0, 0.4004433350178387]]}