{"mu_c": [2.0, 0.0, 0.0, 0.0, 3.0, 5.0, 7.0], "sigma_c": [[1.0, 0.0, 0.0, 0.0, 0.0, 0.0, 0.0], [0.0, 1.0, 0.0, 0.0, 0.0, 0.0, 0.0], [0.0, 0.0, 1.0, 0.0, 0.0, 0.0, 0.0], [0.0, 0.0, 0.0, 1.0, 0.0, 0.0, 0.0], [0.0, 0.0, 0.0, 0.0, 1.0, 0.0, 0.0], [0.0, 0.0, 0.0, 0.0, 0.0, 1.0, 0.0], [0.0, 0.0, 0.0, 0.0, 0.0, 0.0, 1.0]], "beta_c": [1.6176741870602278, 0.20089394488460968, 1.5617602518955205, -0.2637672037296276, 2.4163619529832214, 6.224128691636419, 6.679559281076952], "phi": [-0.7430966301362198, -0.5675956299314573, -0.13522509753230794, 0.1524356476589499], "psi": [[1.0, 0.0, 0.0, 0.0], [0.0, 1.0, 0.0, 0.0], [0.0, 0.0, 1.0, 0.0], [0.0, 0.0, 0.0, 1.0]], "mu_i": [[-1.8128446855633997, -1.4324086115126764, 2.697638545965198, 0.27229021883434024], [0.5468818121619821, -1.1607143235232078, 0.16161172162541693, 0.5528789826767886], [-0.6661376685241515, -0.40475684945613755, -0.19745747266923283, -0.4858728520948332], [-0.17486426521883747, -1.8356277993918826, -0.41023653719661146, -1.32128519103192]], "sigma_i": [[3.6349627715201693, 0.0, 0.0, 0.0], [0.0, 4.96132434037325, 0.0, 0.0], [0.0, 0.0, 3.095745205971077, 0.0], [0.0, 0.0, 0.0, 4.730949866873227]], "beta_ij": [[[-5.293381273876649, -6.763069190397398, 1.796271155418061, 1.0683746114620212], [-5.293381273876649, -6.763069190397398, 1.796271155418061, 1.0683746114620212], [-5.293381273876649, -6.763069190397398, 1.796271155418061, 1.0683746114620212], [-5.293381273876649, -6.763069190397398, 1.796271155418061, 1.0683746114620212]], [[-0.7855513055493739, 0.7588205831524335, -0.02803919147299283, -0.7939995060594149], [-0.7855513055493739, 0.7588205831524335, -0.02803919147299283, -0.7939995060594149], [-0.7855513055493739, 0.7588205831524335, -0.02803919147299283, -0.7939995060594149], [-0.7855513055493739, 0.7588205831524335, -0.02803919147299283, -0.7939995060594149]], [[-0.9080427820305446, -1.2292088293282677, 0.9512752431360463, 1.3301852770030091], [-0.9080427820305446, -1.2292088293282677, 0.9512752431360463, 1.3301852770030091], [-0.9080427820305446, -1.2292088293282677, 0.9512752431360463, 1.3301852770030091], [-0.9080427820305446, -1.2292088293282677, 0.9512752431360463, 1.3301852770030091]], [[2.224581195781836, -0.8036046415926354, 1.3113481530225162, -2.2135632407331567], [2.224581195781836, -0.8036046415926354, 1.3113481530225162, -2.2135632407331567], [2.224581195781836, -0.8036046415926354, 1.3113481530225162, -2.2135632407331567], [2.224581195781836, -0.8036046415926354, 1.3113481530225162, -2.2135632407331567]]]}