{"prior_loc_w_t": [2.0, 0.0, 0.0, 0.0, 3.0, 5.0, 7.0], "prior_scale_w_t": [[5.0, 0.0, 0.0, 0.0, 0.0, 0.0, 0.0], [0.0, 5.0, 0.0, 0.0, 0.0, 0.0, 0.0], [0.0, 0.0, 5.0, 0.0, 0.0, 0.0, 0.0], [0.0, 0.0, 0.0, 5.0, 0.0, 0.0, 0.0], [0.0, 0.0, 0.0, 0.0, 5.0, 0.0, 0.0], [0.0, 0.0, 0.0, 0.0, 0.0, 5.0, 0.0], [0.0, 0.0, 0.0, 0.0, 0.0, 0.0, 5.0]], "w_t": [3.1928544279377404, -0.6039853931078568, -0.6601715246094711, 1.7903640056147605, -1.5155272211496742, 9.752391901266268, 7.51479264286832], "prior_loc_w_p": 5.0, "prior_scale_w_p": 1.0, "w_p": [17.112789974056128, 11.612008602921168, 21.562654974941104, 11.259590895216357], "w_c": [4.551966203342058], "prior_loc_w_s": 0.1, "prior_scale_w_s": 4.0, "w_s": [0.037511283604534325], "prior_loc_w_r": [26.43773833350616, 33.34583202831898, 75.25709002996967, 16.811830891422083], "prior_scale_w_r": [[100.0, 0.0, 0.0, 0.0], [0.0, 100.0, 0.0, 0.0], [0.0, 0.0, 100.0, 0.0], [0.0, 0.0, 0.0, 100.0]], "w_r": [[20.286032093201353, 23.967953115885926, 80.1973963229353, 21.830169085305066], [20.286032093201353, 23.967953115885926, 80.1973963229353, 21.830169085305066], [20.286032093201353, 23.967953115885926, 80.1973963229353, 21.830169085305066], [20.286032093201353, 23.967953115885926, 80.1973963229353, 21.830169085305066]]}