{"prior_loc_w_t": [2.0, 0.0, 0.0, 0.0, 3.0, 5.0, 7.0], "prior_scale_w_t": [[5.0, 0.0, 0.0, 0.0, 0.0, 0.0, 0.0], [0.0, 5.0, 0.0, 0.0, 0.0, 0.0, 0.0], [0.0, 0.0, 5.0, 0.0, 0.0, 0.0, 0.0], [0.0, 0.0, 0.0, 5.0, 0.0, 0.0, 0.0], [0.0, 0.0, 0.0, 0.0, 5.0, 0.0, 0.0], [0.0, 0.0, 0.0, 0.0, 0.0, 5.0, 0.0], [0.0, 0.0, 0.0, 0.0, 0.0, 0.0, 5.0]], "w_t": [1.1450934927138008, 0.4492125170300834, 3.4922020877955786, -0.5898013977744834, 1.6949456526152644, 7.737234967706911, 6.283472769729163], "prior_loc_w_p": 5.0, "prior_scale_w_p": 1.0, "w_p": [5.177004327904414, 7.3902630860455485, 19.982224702525073, 16.79235944515176], "w_c": [6.289978442298202], "prior_loc_w_r": [10.0, 10.0, 10.0, 10.0], "prior_scale_w_r": [[10.0, 0.0, 0.0, 0.0], [0.0, 10.0, 0.0, 0.0], [0.0, 0.0, 10.0, 0.0], [0.0, 0.0, 0.0, 10.0]], "w_r": [[8.124394005426552, 10.938680441937915, 11.266313012490233, 10.2433656050556], [8.124394005426552, 10.938680441937915, 11.266313012490233, 10.2433656050556], [8.124394005426552, 10.938680441937915, 11.266313012490233, 10.2433656050556], [8.124394005426552, 10.938680441937915, 11.266313012490233, 10.2433656050556]]}