{"mu_c": [2.0, 0.0, 0.0, 0.0, 3.0, 5.0, 7.0], "sigma_c": [[1.0, 0.0, 0.0, 0.0, 0.0, 0.0, 0.0], [0.0, 1.0, 0.0, 0.0, 0.0, 0.0, 0.0], [0.0, 0.0, 1.0, 0.0, 0.0, 0.0, 0.0], [0.0, 0.0, 0.0, 1.0, 0.0, 0.0, 0.0], [0.0, 0.0, 0.0, 0.0, 1.0, 0.0, 0.0], [0.0, 0.0, 0.0, 0.0, 0.0, 1.0, 0.0], [0.0, 0.0, 0.0, 0.0, 0.0, 0.0, 1.0]], "beta_c": [1.6176741870602278, 0.20089394488460968, 1.5617602518955205, -0.2637672037296276, 2.4163619529832214, 6.224128691636419, 6.679559281076952], "phi": [21.56065164387011, 29.45819665308442, 48.91487061104614, 61.85960414465274, 59.80115093063331, 53.534310798589594, 84.4520145139, 57.73644772196809, 73.04224737121523], "psi": [[1.0, 0.0, 0.0, 0.0, 0.0, 0.0, 0.0, 0.0, 0.0], [0.0, 1.0, 0.0, 0.0, 0.0, 0.0, 0.0, 0.0, 0.0], [0.0, 0.0, 1.0, 0.0, 0.0, 0.0, 0.0, 0.0, 0.0], [0.0, 0.0, 0.0, 1.0, 0.0, 0.0, 0.0, 0.0, 0.0], [0.0, 0.0, 0.0, 0.0, 1.0, 0.0, 0.0, 0.0, 0.0], [0.0, 0.0, 0.0, 0.0, 0.0, 1.0, 0.0, 0.0, 0.0], [0.0, 0.0, 0.0, 0.0, 0.0, 0.0, 1.0, 0.0, 0.0], [0.0, 0.0, 0.0, 0.0, 0.0, 0.0, 0.0, 1.0, 0.0], [0.0, 0.0, 0.0, 0.0, 0.0, 0.0, 0.0, 0.0, 1.0]], "mu_i": [[20.49090358844293, 29.59042084429831, 49.55727343707395, 61.56684509416499, 58.49185811109624, 53.29750837768481, 83.16645812489416, 59.47718505254301, 72.76321736585334], [21.450715324700028, 29.696227356365256, 47.78025177016185, 61.99036926044472, 59.909998387563434, 53.414678057743814, 83.49801214857268, 57.106471696925595, 73.41597716782125], [21.307260062101893, 28.526765633026677, 46.91868936647396, 62.05846811324876, 60.13478112904424, 55.215756922111744, 83.26367527259943, 56.59781776802671, 73.10930764800118], [21.59494517733764, 30.139761180344042, 47.81558282597954, 61.00579619400135, 58.19368760932459, 52.88177616552196, 84.73514605010872, 57.527826225970045, 71.53284516581765]], "sigma_i": [[0.7811153056790548, 0.0, 0.0, 0.0, 0.0, 0.0, 0.0, 0.0, 0.0], [0.0, 2.7315785165069526, 0.0, 0.0, 0.0, 0.0, 0.0, 0.0, 0.0], [0.0, 0.0, 1.820518144129617, 0.0, 0.0, 0.0, 0.0, 0.0, 0.0], [0.0, 0.0, 0.0, 3.6674746360961805, 0.0, 0.0, 0.0, 0.0, 0.0], [0.0, 0.0, 0.0, 0.0, 0.2314549985112333, 0.0, 0.0, 0.0, 0.0], [0.0, 0.0, 0.0, 0.0, 0.0, 0.6707058781060016, 0.0, 0.0, 0.0], [0.0, 0.0, 0.0, 0.0, 0.0, 0.0, 0.4454004563072663, 0.0, 0.0], [0.0, 0.0, 0.0, 0.0, 0.0, 0.0, 0.0, 0.9436841836154843, 0.0], [0.0, 0.0, 0.0, 0.0, 0.0, 0.0, 0.0, 0.0, 0.6512617186828035]], "beta_ij": [[[20.405847785854615, 33.845384034326756, 48.77558006870914, 64.18763820210623, 57.91282484864484, 52.694043578482194, 82.47859218104904, 60.172416040218735, 72.79517200997506], [21.155746690676317, 31.33339073149408, 48.4564354812036, 60.76245463110305, 58.19449538335221, 53.09196957545604, 83.54846734192769, 58.503657488383425, 72.01315688274465], [20.940892153443716, 30.8504551528161, 50.48305074357805, 63.82726870360523, 58.5314367691998, 52.928469156249314, 83.05038114742486, 60.40891040279405, 72.09517552692958], [20.48529279657699, 29.080238944598463, 49.22328706175387, 63.09043959431698, 58.57630307209462, 51.67806445452032, 83.4988742687292, 60.09540542897302, 71.99548690400232]], [[19.171987686558452, 29.599737202203976, 45.887848224690416, 60.69841475896141, 59.618595924472494, 53.97939339269046, 83.90695504980688, 57.07298323248187, 72.65892583860733], [22.413391910844908, 33.958051848442196, 47.79378687129311, 60.841162220465094, 60.47732350254195, 55.759933996256144, 83.1594358745208, 57.66692050211121, 73.27108326458021], [20.9321784217098, 30.059181223048085, 48.93959838245844, 61.00195069356033, 60.06365425396959, 52.933033334023534, 82.75844373013119, 56.54346124038564, 71.78549525337971], [22.75449739394457, 29.52529973412683, 45.50791071052845, 59.45668540935924, 59.35980326551865, 54.20346806721016, 83.82597526406377, 56.743490536956415, 73.2044507071243]], [[22.087489381384934, 26.855645017517467, 45.87417860135285, 63.01262496270729, 60.060923893038606, 55.23645542673404, 83.15280356938774, 56.06664889553773, 71.81213168011692], [20.265820800759432, 27.29525879437841, 48.520605455242936, 63.824712750920234, 59.93926012189047, 54.25291067083519, 83.07849528821635, 57.148044627630625, 73.5559603540713], [20.668019887033495, 25.5874297683003, 49.954269227838054, 60.90432712883105, 60.32912615338257, 56.95886971198141, 82.93917425087699, 56.13739333656094, 73.60556848390023], [21.039605097152865, 28.28464735281822, 45.318968969866326, 61.84630932146987, 61.24779219157183, 56.10337907977626, 83.71875595435748, 54.27495913571604, 72.4613054932215]], [[20.105910783294412, 30.645638703648622, 47.0869191999145, 59.80097165220499, 58.16237405407581, 51.500802863946284, 85.43062818017006, 57.195281754857156, 69.91835540122644], [21.932333530823502, 31.351306213865808, 49.940351376637835, 62.361564171567096, 57.86552456036504, 52.56707521401864, 84.12816076339283, 57.9384139392268, 70.0223004043164], [20.929337736280605, 29.71514543870979, 45.03830709973912, 61.44697925507819, 57.668514696778196, 52.48171641412181, 84.38707401283465, 57.13036343998984, 72.08784604739348], [21.235067417661778, 29.115580664659547, 48.14593466996185, 60.11814265129062, 57.54057313880863, 53.703413028765816, 83.3168557264847, 56.00460890103093, 72.3144112246279]]]}