{"prior_loc_w_t": [2.0, 0.0, 0.0, 0.0, 3.0, 5.0, 7.0], "prior_scale_w_t": [[5.0, 0.0, 0.0, 0.0, 0.0, 0.0, 0.0], [0.0, 5.0, 0.0, 0.0, 0.0, 0.0, 0.0], [0.0, 0.0, 5.0, 0.0, 0.0, 0.0, 0.0], [0.0, 0.0, 0.0, 5.0, 0.0, 0.0, 0.0], [0.0, 0.0, 0.0, 0.0, 5.0, 0.0, 0.0], [0.0, 0.0, 0.0, 0.0, 0.0, 5.0, 0.0], [0.0, 0.0, 0.0, 0.0, 0.0, 0.0, 5.0]], "w_t": [1.1450934927138008, 0.4492125170300834, 3.4922020877955786, -0.5898013977744834, 1.6949456526152644, 7.737234967706911, 6.283472769729163], "prior_loc_w_p": 5.0, "prior_scale_w_p": 1.0, "w_p": [5.177004327904414, 7.3902630860455485, 19.982224702525073, 16.79235944515176], "w_c": [6.289978442298202], "prior_loc_w_r": [73.04224737121523, 18.949235742927602, 96.82749859200175, 94.58203129001924], "prior_scale_w_r": [[100.0, 0.0, 0.0, 0.0], [0.0, 100.0, 0.0, 0.0], [0.0, 0.0, 100.0, 0.0], [0.0, 0.0, 0.0, 100.0]], "w_r": [[77.04668072139361, 19.718825359048285, 98.45588639675495, 93.95970753865], [77.04668072139361, 19.718825359048285, 98.45588639675495, 93.95970753865], [77.04668072139361, 19.718825359048285, 98.45588639675495, 93.95970753865], [77.04668072139361, 19.718825359048285, 98.45588639675495, 93.95970753865]]}