{"mu_c": [2.0, 0.0, 0.0, 0.0, 3.0, 5.0, 7.0], "sigma_c": [[1.0, 0.0, 0.0, 0.0, 0.0, 0.0, 0.0], [0.0, 1.0, 0.0, 0.0, 0.0, 0.0, 0.0], [0.0, 0.0, 1.0, 0.0, 0.0, 0.0, 0.0], [0.0, 0.0, 0.0, 1.0, 0.0, 0.0, 0.0], [0.0, 0.0, 0.0, 0.0, 1.0, 0.0, 0.0], [0.0, 0.0, 0.0, 0.0, 0.0, 1.0, 0.0], [0.0, 0.0, 0.0, 0.0, 0.0, 0.0, 1.0]], "beta_c": [1.6176741870602278, 0.20089394488460968, 1.5617602518955205, -0.2637672037296276, 2.4163619529832214, 6.224128691636419, 6.679559281076952], "phi": [50.0, 50.0, 50.0, 50.0, 50.0, 50.0, 50.0, 50.0, 50.0], "psi": [[25.0, 0.0, 0.0, 0.0, 0.0, 0.0, 0.0, 0.0, 0.0], [0.0, 25.0, 0.0, 0.0, 0.0, 0.0, 0.0, 0.0, 0.0], [0.0, 0.0, 25.0, 0.0, 0.0, 0.0, 0.0, 0.0, 0.0], [0.0, 0.0, 0.0, 25.0, 0.0, 0.0, 0.0, 0.0, 0.0], [0.0, 0.0, 0.0, 0.0, 25.0, 0.0, 0.0, 0.0, 0.0], [0.0, 0.0, 0.0, 0.0, 0.0, 25.0, 0.0, 0.0, 0.0], [0.0, 0.0, 0.0, 0.0, 0.0, 0.0, 25.0, 0.0, 0.0], [0.0, 0.0, 0.0, 0.0, 0.0, 0.0, 0.0, 25.0, 0.0], [0.0, 0.0, 0.0, 0.0, 0.0, 0.0, 0.0, 0.0, 25.0]], "mu_i": [[44.6512597228641, 48.42723920470926, 47.94094037134845, 59.4351200678171, 41.63013999025907, 45.67593509209391, 64.16431821748753, 50.599272855876954, 56.44989221149101], [47.034406532041245, 51.48418409578863, 52.002216675089194, 50.38479480806034, 50.8141939023766, 49.688838124315375, 46.80845750123108, 52.84116182458691, 43.65983915269787], [48.62494280167848, 42.63139580654565, 38.033911099913055, 52.722798594060166, 50.72708680429003, 51.83001622811029, 40.87219771774923, 47.43853018724781, 54.3089078736479], [46.903833921998924, 46.50565775012114, 49.46105761761851, 48.14929772042124, 54.17470293126948, 49.3655972315976, 53.264422704120655, 52.31665112989767, 47.948856520663455]], "sigma_i": [[3.2074275483325736, 0.0, 0.0, 0.0, 0.0, 0.0, 0.0, 0.0, 0.0], [0.0, 4.255680117765651, 0.0, 0.0, 0.0, 0.0, 0.0, 0.0, 0.0], [0.0, 0.0, 0.6479533196098963, 0.0, 0.0, 0.0, 0.0, 0.0, 0.0], [0.0, 0.0, 0.0, 2.6061742591289265, 0.0, 0.0, 0.0, 0.0, 0.0], [0.0, 0.0, 0.0, 0.0, 0.13944917147414293, 0.0, 0.0, 0.0, 0.0], [0.0, 0.0, 0.0, 0.0, 0.0, 0.9444854363550509, 0.0, 0.0, 0.0], [0.0, 0.0, 0.0, 0.0, 0.0, 0.0, 0.522364685334723, 0.0, 0.0], [0.0, 0.0, 0.0, 0.0, 0.0, 0.0, 0.0, 0.3110420182737291, 0.0], [0.0, 0.0, 0.0, 0.0, 0.0, 0.0, 0.0, 0.0, 0.25671437465058355]], "beta_ij": [[[41.77240665597117, 51.02348249693927, 47.77300935556926, 58.38169101392193, 41.18258401236872, 45.951095457910775, 63.073400777898655, 51.36250861394759, 56.53170402316266], [43.237630774672716, 51.225003223310786, 48.475638170884004, 60.59948469640179, 41.60803205104616, 44.57324490857594, 64.10523848673849, 51.0808333931385, 56.627336450213974], [42.11497345741473, 46.11518998751648, 48.53786456064397, 62.77869423864176, 41.449683991080555, 45.714729999164355, 64.0429734940726, 50.39801311116997, 56.92458419630536], [43.41662902615746, 45.71774915056035, 47.53986247135524, 59.65496834789993, 41.503145791756324, 45.61500071309912, 64.99138781100244, 50.75664974566015, 56.74758688151302]], [[48.310201871507104, 51.257643363799865, 52.872138240736746, 49.13732713023023, 50.43933324596171, 50.330634142755954, 46.60350505857809, 52.98905371516686, 44.22257594846839], [46.227317532774606, 51.17121491915399, 50.73584623442772, 48.33125500969635, 50.972697164156365, 48.62876699879312, 46.805907652650866, 53.12436661969409, 43.84296224627914], [45.281939042219896, 53.27557240849065, 51.72736651548362, 50.862722017611006, 51.06469076760234, 47.21166620588328, 45.73174083748473, 52.83749141202061, 43.1895828591406], [49.438101724045175, 52.275607524300966, 54.45658730433095, 48.89129291688184, 51.060795582213316, 49.645005504262194, 47.20265459617676, 52.4382836740513, 43.67403707252294]], [[48.58185118662483, 42.120020404019606, 38.037486901051416, 52.86384224568457, 50.312331450262846, 51.8356920059812, 39.947590356155374, 47.68034773332571, 54.00765713409637], [46.763250298996645, 47.24123649779516, 38.48586426519705, 52.58021069988333, 50.922037930141066, 50.65121673238989, 40.33889798368075, 47.4104209115092, 54.07520781856907], [49.44210115651503, 41.99522571612046, 37.75418892998247, 53.88998292466432, 50.20867849029593, 51.92091337826388, 40.07957654125038, 47.95439079805659, 54.746086092685296], [46.98546785073018, 41.39950136711913, 38.77802848068019, 53.775827691685194, 50.56992446862599, 51.31314748848487, 40.43798875311241, 47.25487449231556, 54.310320466819384]], [[48.04009010053215, 45.082036876625715, 50.31068855023382, 50.155985737609335, 54.00302072986087, 48.7466996883056, 52.40775510742906, 51.74179460238531, 47.61729779576686], [46.446921065707876, 46.55964350347354, 49.71032941619497, 46.22706857521207, 54.047668888065594, 49.23325674667903, 52.01383496273228, 52.98281581673695, 48.24359036308107], [49.006518741252336, 43.72515855854576, 48.983619310732614, 47.94712890800598, 54.26667223762474, 50.80747057320955, 53.150068609353866, 51.49935970943331, 47.51891684882862], [48.53548306713113, 44.5411548433114, 48.58563091280349, 44.59583978654669, 54.18757785592201, 47.892403746992954, 51.336894009839945, 52.47893424200102, 48.15079331498907]]]}